933,1406,332, 521
933,1409,332, 521
933,1409,332, 521
933,1409,332, 521
933,1409,332, 521
933,1409,332, 521
933,1409,332, 521
933,1409,332, 521
933,1409,332, 521
933,1409,332, 521
933,1409,332, 521
933,1409,332, 521
933,1409,332, 521
933,1409,332, 521
933,1409,332, 521
933,1409,332, 521
933,1409,332, 521
933,1409,332, 521
933,1409,332, 521
933,1409,332, 521
933,1409,332, 521
933,1409,332, 521
933,1409,332, 521
933,1409,332, 521
933,1409,332, 521
933,1409,332, 521
933,1409,332, 521
933,1409,332, 521
933,1409,332, 521
933,1409,332, 521
933,1409,332, 521
933,1410,332, 521
933,1410,332, 521
933,1410,332, 521
933,1410,332, 521
933,1410,332, 521
933,1410,332, 521
933,1410,332, 521
933,1410,332, 521
933,1410,332, 521
933,1410,332, 521
933,1410,332, 521
933,1410,332, 521
933,1410,332, 521
933,1410,332, 521
933,1410,332, 521
933,1410,332, 521
933,1410,332, 521
933,1410,332, 521
933,1410,332, 521
933,1410,332, 521
933,1410,332, 521
933,1410,332, 521
933,1410,332, 521
933,1410,332, 521
933,1410,332, 521
933,1410,332, 521
933,1410,332, 521
933,1410,332, 521
933,1410,332, 521
933,1410,332, 521
933,1410,332, 521
933,1410,332, 521
933,1410,332, 521
933,1410,332, 521
933,1410,332, 521
933,1410,332, 521
933,1410,332, 521
933,1410,332, 521
933,1410,332, 521
933,1410,332, 521
933,1410,332, 521
933,1411,332, 521
933,1411,332, 521
933,1411,332, 521
933,1411,332, 521
933,1411,332, 521
933,1411,332, 521
933,1411,332, 521
933,1411,332, 521
933,1411,332, 521
933,1411,332, 521
933,1411,332, 521
933,1411,332, 521
933,1411,332, 521
933,1411,332, 521
933,1411,332, 521
933,1411,332, 521
933,1411,332, 521
933,1411,332, 521
933,1411,332, 521
933,1411,332, 521
933,1411,332, 521
933,1411,332, 521
933,1411,332, 521
933,1411,332, 521
933,1411,332, 521
933,1411,332, 521
933,1411,332, 521
933,1411,332, 521
933,1411,332, 521
933,1411,332, 521
933,1411,332, 521
933,1411,332, 521
933,1411,332, 521
933,1411,332, 521
933,1411,332, 521
933,1411,332, 521
933,1411,332, 521
933,1411,332, 521
933,1411,332, 521
933,1411,332, 521
933,1411,332, 521
933,1411,332, 521
933,1411,332, 521
933,1411,332, 521
933,1412,332, 521
933,1412,332, 521
933,1412,332, 521
933,1412,332, 521
933,1412,332, 521
933,1412,332, 521
933,1412,332, 521
933,1412,332, 521
933,1412,332, 521
933,1412,332, 521
933,1412,332, 521
933,1412,332, 521
933,1412,332, 521
933,1412,332, 521
933,1412,332, 521
933,1412,332, 521
933,1412,332, 521
933,1412,332, 521
933,1412,332, 521
933,1412,332, 521
933,1412,332, 521
933,1412,332, 521
933,1412,332, 521
933,1412,332, 521
933,1412,332, 521
933,1412,332, 521
933,1412,332, 521
933,1412,332, 521
933,1412,332, 521
933,1412,332, 521
933,1412,332, 521
933,1412,332, 521
933,1412,332, 521
933,1412,332, 521
933,1412,332, 521
933,1412,332, 521
933,1412,332, 521
933,1412,332, 521
933,1412,332, 521
933,1412,332, 521
933,1412,332, 521
933,1412,332, 521
933,1412,332, 521
933,1412,332, 521
933,1413,332, 521
933,1413,332, 521
933,1413,332, 521
933,1413,332, 521
933,1413,332, 521
933,1413,332, 521
933,1413,332, 521
933,1413,332, 521
933,1413,332, 521
933,1413,332, 521
933,1413,332, 521
933,1413,332, 521
933,1413,332, 521
933,1413,332, 521
933,1413,332, 521
933,1413,332, 521
933,1413,332, 521
933,1413,332, 521
933,1413,332, 521
933,1413,332, 521
933,1413,332, 521
933,1413,332, 521
933,1413,332, 521
933,1413,332, 521
933,1413,332, 521
933,1413,332, 521
933,1413,332, 521
933,1413,332, 521
933,1413,332, 521
933,1413,332, 521
933,1413,332, 521
933,1413,332, 521
933,1413,332, 521
933,1413,332, 521
933,1413,332, 521
933,1413,332, 521
933,1413,332, 521
933,1413,332, 521
933,1413,332, 521
933,1413,332, 521
933,1414,332, 521
933,1414,332, 521
933,1414,332, 521
933,1414,332, 521
933,1414,332, 521
933,1414,332, 521
933,1414,332, 521
933,1414,332, 521
933,1414,332, 521
933,1414,332, 521
933,1414,332, 521
933,1414,332, 521
933,1414,332, 521
933,1414,332, 521
933,1414,332, 521
933,1414,332, 521
933,1414,332, 521
933,1414,332, 521
933,1414,332, 521
933,1414,332, 521
933,1414,332, 521
933,1414,332, 521
933,1414,332, 521
933,1414,332, 521
933,1414,332, 521
933,1414,332, 521
933,1414,332, 521
933,1414,332, 521
933,1414,332, 521
933,1414,332, 521
933,1414,332, 521
933,1414,332, 521
933,1414,332, 521
933,1414,332, 521
933,1414,332, 521
933,1414,332, 521
933,1414,332, 521
933,1414,332, 521
933,1414,332, 521
933,1414,332, 521
933,1414,332, 521
933,1414,332, 521
933,1414,332, 521
933,1414,332, 521
933,1415,332, 521
933,1415,332, 521
933,1415,332, 521
933,1415,332, 521
933,1415,332, 521
933,1415,332, 521
933,1415,332, 521
933,1415,332, 521
933,1415,332, 521
933,1415,332, 521
933,1415,332, 521
933,1415,332, 521
933,1415,332, 521
933,1415,332, 521
933,1415,332, 521
933,1415,332, 521
933,1415,332, 521
933,1415,332, 521
933,1415,332, 521
933,1415,332, 521
933,1415,332, 521
933,1415,332, 521
933,1415,332, 521
933,1415,332, 521
933,1415,332, 521
933,1415,332, 521
933,1415,332, 521
933,1415,332, 521
933,1415,332, 521
933,1415,332, 521
933,1415,332, 521
933,1415,332, 521
933,1415,332, 521
933,1415,332, 521
933,1415,332, 521
933,1415,332, 521
933,1415,332, 521
933,1415,332, 521
933,1415,332, 521
933,1415,332, 521
933,1416,332, 521
933,1416,332, 521
933,1416,332, 521
933,1416,332, 521
933,1416,332, 521
933,1416,332, 521
933,1416,332, 521
933,1416,332, 521
933,1416,332, 521
933,1416,332, 521
933,1416,332, 521
933,1416,332, 521
933,1416,332, 521
933,1416,332, 521
933,1416,332, 521
933,1416,332, 521
933,1416,332, 521
933,1416,332, 521
933,1416,332, 521
933,1416,332, 521
933,1416,332, 521
933,1416,332, 521
933,1416,332, 521
933,1416,332, 521
933,1416,332, 521
933,1416,332, 521
933,1416,332, 521
933,1416,332, 521
933,1416,332, 521
933,1416,332, 521
933,1416,332, 521
933,1416,332, 521
933,1416,332, 521
933,1416,332, 521
933,1416,332, 521
933,1416,332, 521
933,1416,332, 521
933,1416,332, 521
933,1416,332, 521
933,1416,332, 521
933,1416,332, 521
933,1416,332, 521
933,1416,332, 521
933,1416,332, 521
933,1417,332, 521
933,1417,332, 521
933,1417,332, 521
933,1417,332, 521
933,1417,332, 521
933,1417,332, 521
933,1417,332, 521
933,1417,332, 521
933,1417,332, 521
933,1417,332, 521
933,1417,332, 521
933,1417,332, 521
933,1417,332, 521
933,1417,332, 521
933,1417,332, 521
933,1417,332, 521
933,1417,332, 521
933,1417,332, 521
933,1417,332, 521
933,1417,332, 521
933,1417,332, 521
933,1417,332, 521
933,1417,332, 521
933,1417,332, 521
933,1417,332, 521
933,1417,332, 521
933,1417,332, 521
933,1417,332, 521
933,1417,332, 521
933,1417,332, 521
933,1417,332, 521
933,1417,332, 521
933,1417,332, 521
933,1417,332, 521
933,1417,332, 521
933,1417,332, 521
933,1417,332, 521
933,1417,332, 521
933,1417,332, 521
933,1418,332, 521
933,1418,332, 521
933,1418,332, 521
933,1418,332, 521
933,1418,332, 521
933,1418,332, 521
933,1418,332, 521
933,1418,332, 521
933,1418,332, 521
933,1418,332, 521
933,1418,332, 521
933,1418,332, 521
933,1418,332, 521
933,1418,332, 521
933,1418,332, 521
933,1418,332, 521
933,1418,332, 521
933,1418,332, 521
933,1418,332, 521
933,1418,332, 521
933,1418,332, 521
933,1418,332, 521
933,1418,332, 521
933,1418,332, 521
933,1418,332, 521
933,1418,332, 521
933,1418,332, 521
933,1418,332, 521
933,1418,332, 521
933,1418,332, 521
933,1418,332, 521
933,1418,332, 521
933,1418,332, 521
933,1418,332, 521
933,1418,332, 521
933,1418,332, 521
933,1418,332, 521
933,1418,332, 521
933,1418,332, 521
933,1418,332, 521
933,1418,332, 521
933,1419,332, 521
933,1419,332, 521
933,1419,332, 521
933,1419,332, 521
933,1419,332, 521
933,1419,332, 521
933,1419,332, 521
933,1419,332, 521
933,1419,332, 521
933,1419,332, 521
933,1419,332, 521
933,1419,332, 521
933,1419,332, 521
933,1419,332, 521
933,1419,332, 521
933,1419,332, 521
933,1419,332, 521
933,1419,332, 521
933,1419,332, 521
933,1419,332, 521
933,1419,332, 521
933,1419,332, 521
933,1419,332, 521
933,1419,332, 521
933,1419,332, 521
933,1419,332, 521
933,1419,332, 521
933,1419,332, 521
933,1419,332, 521
933,1419,332, 521
933,1419,332, 521
933,1419,332, 521
933,1419,332, 521
933,1419,332, 521
933,1419,332, 521
933,1419,332, 521
933,1419,332, 521
933,1419,332, 521
933,1419,332, 521
933,1419,332, 521
933,1419,332, 521
933,1419,332, 521
933,1419,332, 521
933,1420,332, 521
933,1420,332, 521
933,1420,332, 521
933,1420,332, 521
933,1420,332, 521
933,1420,332, 521
933,1420,332, 521
933,1420,332, 521
933,1420,332, 521
933,1420,332, 521
933,1420,332, 521
933,1420,332, 521
933,1420,332, 521
933,1420,332, 521
933,1420,332, 521
933,1420,332, 521
933,1420,332, 521
933,1420,332, 521
933,1420,332, 521
933,1420,332, 521
933,1420,332, 521
933,1420,332, 521
933,1420,332, 521
933,1420,332, 521
933,1420,332, 521
933,1420,332, 521
933,1420,332, 521
933,1420,332, 521
933,1420,332, 521
933,1420,332, 521
933,1420,332, 521
933,1420,332, 521
933,1420,332, 521
933,1420,332, 521
933,1420,332, 521
933,1420,332, 521
933,1420,332, 521
933,1420,332, 521
933,1420,332, 521
933,1420,332, 521
933,1420,332, 521
933,1420,332, 521
933,1420,332, 521
933,1420,332, 521
933,1420,332, 521
933,1420,332, 521
933,1420,332, 521
933,1420,332, 521
933,1421,332, 521
933,1421,332, 521
933,1421,332, 521
933,1421,332, 521
933,1421,332, 521
933,1421,332, 521
933,1421,332, 521
933,1421,332, 521
933,1421,332, 521
933,1421,332, 521
933,1421,332, 521
933,1421,332, 521
933,1421,332, 521
933,1421,332, 521
933,1421,332, 521
933,1421,332, 521
933,1421,332, 521
933,1421,332, 521
933,1421,332, 521
933,1421,332, 521
933,1421,332, 521
933,1421,332, 521
933,1421,332, 521
933,1421,332, 521
933,1421,332, 521
933,1421,332, 521
933,1421,332, 521
933,1421,332, 521
933,1421,332, 521
933,1421,332, 521
933,1421,332, 521
933,1421,332, 521
933,1421,332, 521
933,1421,332, 521
933,1421,332, 521
933,1421,332, 521
933,1421,332, 521
933,1421,332, 521
933,1421,332, 521
933,1421,332, 521
933,1422,332, 521
933,1422,332, 521
933,1422,332, 521
933,1422,332, 521
933,1422,332, 521
933,1422,332, 521
933,1422,332, 521
933,1422,332, 521
933,1422,332, 521
933,1422,332, 521
933,1422,332, 521
933,1422,332, 521
933,1422,332, 521
933,1422,332, 521
933,1422,332, 521
933,1422,332, 521
933,1422,332, 521
933,1422,332, 521
933,1422,332, 521
933,1422,332, 521
933,1422,332, 521
933,1422,332, 521
933,1422,332, 521
933,1422,332, 521
933,1422,332, 521
933,1422,332, 521
933,1422,332, 521
933,1422,332, 521
933,1422,332, 521
933,1422,332, 521
933,1422,332, 521
933,1422,332, 521
933,1422,332, 521
933,1422,332, 521
933,1422,332, 521
933,1422,332, 521
933,1422,332, 521
933,1422,332, 521
933,1422,332, 521
933,1422,332, 521
933,1422,332, 521
933,1422,332, 521
933,1423,332, 521
933,1423,332, 521
933,1423,332, 521
933,1423,332, 521
933,1423,332, 521
933,1423,332, 521
933,1423,332, 521
933,1423,332, 521
933,1423,332, 521
933,1423,332, 521
933,1423,332, 521
933,1423,332, 521
933,1423,332, 521
933,1423,332, 521
933,1423,332, 521
933,1423,332, 521
933,1423,332, 521
933,1423,332, 521
933,1423,332, 521
933,1423,332, 521
933,1423,332, 521
933,1423,332, 521
933,1423,332, 521
933,1423,332, 521
933,1423,332, 521
933,1423,332, 521
933,1423,332, 521
933,1423,332, 521
933,1423,332, 521
933,1423,332, 521
933,1423,332, 521
933,1423,332, 521
933,1423,332, 521
933,1423,332, 521
933,1423,332, 521
933,1423,332, 521
933,1423,332, 521
933,1423,332, 521
933,1423,332, 521
933,1423,332, 521
933,1423,332, 521
933,1423,332, 521
933,1423,332, 521
933,1423,332, 521
933,1424,332, 521
933,1424,332, 521
933,1424,332, 521
933,1424,332, 521
933,1424,332, 521
933,1424,332, 521
933,1424,332, 521
933,1424,332, 521
933,1424,332, 521
933,1424,332, 521
933,1424,332, 521
933,1424,332, 521
933,1424,332, 521
933,1424,332, 521
933,1424,332, 521
933,1424,332, 521
933,1424,332, 521
933,1424,332, 521
933,1424,332, 521
933,1424,332, 521
933,1424,332, 521
933,1424,332, 521
933,1424,332, 521
933,1424,332, 521
933,1424,332, 521
933,1424,332, 521
933,1424,332, 521
933,1424,332, 521
933,1424,332, 521
933,1424,332, 521
933,1424,332, 521
933,1424,332, 521
933,1424,332, 521
933,1424,332, 521
933,1424,332, 521
933,1424,332, 521
933,1424,332, 521
933,1424,332, 521
933,1424,332, 521
933,1424,332, 521
933,1424,332, 521
933,1424,332, 521
933,1424,332, 521
933,1424,332, 521
933,1425,332, 521
933,1425,332, 521
933,1425,332, 521
933,1425,332, 521
933,1425,332, 521
933,1425,332, 521
933,1425,332, 521
933,1425,332, 521
933,1425,332, 521
933,1425,332, 521
933,1425,332, 521
933,1425,332, 521
933,1425,332, 521
933,1425,332, 521
933,1425,332, 521
933,1425,332, 521
933,1425,332, 521
933,1425,332, 521
933,1425,332, 521
933,1425,332, 521
933,1425,332, 521
933,1425,332, 521
933,1425,332, 521
933,1425,332, 521
933,1425,332, 521
933,1425,332, 521
933,1425,332, 521
933,1425,332, 521
933,1425,332, 521
933,1425,332, 521
933,1425,332, 521
933,1425,332, 521
933,1425,332, 521
933,1425,332, 521
933,1425,332, 521
933,1425,332, 521
933,1425,332, 521
933,1425,332, 521
933,1425,332, 521
933,1425,332, 521
933,1425,332, 521
933,1426,332, 521
933,1426,332, 521
933,1426,332, 521
933,1426,332, 521
933,1426,332, 521
933,1426,332, 521
933,1426,332, 521
933,1426,332, 521
933,1426,332, 521
933,1426,332, 521
933,1426,332, 521
933,1426,332, 521
933,1426,332, 521
933,1426,332, 521
933,1426,332, 521
933,1426,332, 521
933,1426,332, 521
933,1426,332, 521
933,1426,332, 521
933,1426,332, 521
933,1426,332, 521
933,1426,332, 521
933,1426,332, 521
933,1426,332, 521
933,1426,332, 521
933,1426,332, 521
933,1426,332, 521
933,1426,332, 521
933,1426,332, 521
933,1426,332, 521
933,1426,332, 521
933,1426,332, 521
933,1426,332, 521
933,1426,332, 521
933,1426,332, 521
933,1426,332, 521
933,1426,332, 521
933,1426,332, 521
933,1426,332, 521
933,1426,332, 521
933,1426,332, 521
933,1426,332, 521
933,1426,332, 521
933,1426,332, 521
933,1427,332, 521
933,1427,332, 521
933,1427,332, 521
933,1427,332, 521
933,1427,332, 521
933,1427,332, 521
933,1427,332, 521
933,1427,332, 521
933,1427,332, 521
933,1427,332, 521
933,1427,332, 521
933,1427,332, 521
933,1427,332, 521
933,1427,332, 521
933,1427,332, 521
933,1427,332, 521
933,1427,332, 521
933,1427,332, 521
933,1427,332, 521
933,1427,332, 521
933,1427,332, 521
933,1427,332, 521
933,1427,332, 521
933,1427,332, 521
933,1427,332, 521
933,1427,332, 521
933,1427,332, 521
933,1427,332, 521
933,1427,332, 521
933,1427,332, 521
933,1427,332, 521
933,1427,332, 521
933,1427,332, 521
933,1427,332, 521
933,1427,332, 521
933,1427,332, 521
933,1427,332, 521
933,1427,332, 521
933,1427,332, 521
933,1427,332, 521
933,1427,332, 521
933,1427,332, 521
933,1428,332, 521
933,1428,332, 521
933,1428,332, 521
933,1428,332, 521
933,1428,332, 521
933,1428,332, 521
933,1428,332, 521
933,1428,332, 521
933,1428,332, 521
933,1428,332, 521
933,1428,332, 521
933,1428,332, 521
933,1428,332, 521
933,1428,332, 521
933,1428,332, 521
933,1428,332, 521
933,1428,332, 521
933,1428,332, 521
933,1428,332, 521
933,1428,332, 521
933,1428,332, 521
933,1428,332, 521
933,1428,332, 521
933,1428,332, 521
933,1428,332, 521
933,1428,332, 521
933,1428,332, 521
933,1428,332, 521
933,1428,332, 521
933,1428,332, 521
933,1428,332, 521
933,1428,332, 521
933,1428,332, 521
933,1428,332, 521
933,1428,332, 521
933,1428,332, 521
933,1428,332, 521
933,1428,332, 521
933,1428,332, 521
933,1428,332, 521
933,1428,332, 521
933,1429,332, 521
933,1429,332, 521
933,1429,332, 521
933,1429,332, 521
933,1429,332, 521
933,1429,332, 521
933,1429,332, 521
933,1429,332, 521
933,1429,332, 521
933,1429,332, 521
933,1429,332, 521
933,1429,332, 521
933,1429,332, 521
933,1429,332, 521
933,1429,332, 521
933,1429,332, 521
933,1429,332, 521
933,1429,332, 521
933,1429,332, 521
933,1429,332, 521
933,1429,332, 521
933,1429,332, 521
933,1429,332, 521
933,1429,332, 521
933,1429,332, 521
933,1429,332, 521
933,1429,332, 521
933,1429,332, 521
933,1429,332, 521
933,1429,332, 521
933,1429,332, 521
933,1429,332, 521
933,1429,332, 521
933,1429,332, 521
933,1429,332, 521
933,1429,332, 521
933,1429,332, 521
933,1429,332, 521
933,1429,332, 521
933,1429,332, 521
933,1429,332, 521
933,1429,332, 521
933,1429,332, 521
933,1429,332, 521
933,1430,332, 521
933,1430,332, 521
933,1430,332, 521
933,1430,332, 521
933,1430,332, 521
933,1430,332, 521
933,1430,332, 521
933,1430,332, 521
933,1430,332, 521
933,1430,332, 521
933,1430,332, 521
933,1430,332, 521
933,1430,332, 521
933,1430,332, 521
933,1430,332, 521
933,1430,332, 521
933,1430,332, 521
933,1430,332, 521
933,1430,332, 521
933,1430,332, 521
933,1430,332, 521
933,1430,332, 521
933,1430,332, 521
933,1430,332, 521
933,1430,332, 521
933,1430,332, 521
933,1430,332, 521
933,1430,332, 521
933,1430,332, 521
933,1430,332, 521
933,1430,332, 521
933,1430,332, 521
933,1430,332, 521
933,1430,332, 521
933,1430,332, 521
933,1430,332, 521
933,1430,332, 521
933,1430,332, 521
933,1430,332, 521
933,1430,332, 521
933,1430,332, 521
933,1431,332, 521
933,1431,332, 521
933,1431,332, 521
933,1431,332, 521
933,1431,332, 521
933,1431,332, 521
933,1431,332, 521
933,1431,332, 521
933,1431,332, 521
933,1431,332, 521
933,1431,332, 521
933,1431,332, 521
933,1431,332, 521
933,1431,332, 521
933,1431,332, 521
933,1431,332, 521
933,1431,332, 521
933,1431,332, 521
933,1431,332, 521
933,1431,332, 521
933,1431,332, 521
933,1431,332, 521
933,1431,332, 521
933,1431,332, 521
933,1431,332, 521
933,1431,332, 521
933,1431,332, 521
933,1431,332, 521
933,1431,332, 521
933,1431,332, 521
933,1431,332, 521
933,1431,332, 521
933,1431,332, 521
933,1431,332, 521
933,1431,332, 521
933,1431,332, 521
933,1431,332, 521
933,1431,332, 521
933,1431,332, 521
933,1431,332, 521
933,1431,332, 521
933,1431,332, 521
933,1432,332, 521
933,1432,332, 521
933,1432,332, 521
933,1432,332, 521
933,1432,332, 521
933,1432,332, 521
933,1432,332, 521
933,1432,332, 521
933,1432,332, 521
933,1432,332, 521
933,1432,332, 521
933,1432,332, 521
933,1432,332, 521
933,1432,332, 521
933,1432,332, 521
933,1432,332, 521
933,1432,332, 521
933,1432,332, 521
933,1432,332, 521
933,1432,332, 521
933,1432,332, 521
933,1432,332, 521
933,1432,332, 521
933,1432,332, 521
933,1432,332, 521
933,1432,332, 521
933,1432,332, 521
933,1432,332, 521
933,1432,332, 521
933,1432,332, 521
933,1432,332, 521
933,1432,332, 521
933,1432,332, 521
933,1432,332, 521
933,1432,332, 521
933,1432,332, 521
933,1432,332, 521
933,1432,332, 521
933,1432,332, 521
933,1432,332, 521
933,1432,332, 521
933,1432,332, 521
933,1432,332, 521
933,1432,332, 521
933,1432,332, 521
933,1432,332, 521
933,1433,332, 521
933,1433,332, 521
933,1433,332, 521
933,1433,332, 521
933,1433,332, 521
933,1433,332, 521
933,1433,332, 521
933,1433,332, 521
933,1433,332, 521
933,1433,332, 521
933,1433,332, 521
933,1433,332, 521
933,1433,332, 521
933,1433,332, 521
933,1433,332, 521
933,1433,332, 521
933,1433,332, 521
933,1433,332, 521
933,1433,332, 521
933,1433,332, 521
933,1433,332, 521
933,1433,332, 521
933,1433,332, 521
933,1433,332, 521
933,1433,332, 521
933,1433,332, 521
933,1433,332, 521
933,1433,332, 521
933,1433,332, 521
933,1433,332, 521
933,1433,332, 521
933,1433,332, 521
933,1433,332, 521
933,1433,332, 521
933,1433,332, 521
933,1433,332, 521
933,1433,332, 521
933,1433,332, 521
933,1433,332, 521
933,1433,332, 521
933,1433,332, 521
933,1433,332, 521
933,1434,332, 521
933,1434,332, 521
933,1434,332, 521
933,1434,332, 521
933,1434,332, 521
933,1434,332, 521
933,1434,332, 521
933,1434,332, 521
933,1434,332, 521
933,1434,332, 521
933,1434,332, 521
933,1434,332, 521
933,1434,332, 521
933,1434,332, 521
933,1434,332, 521
933,1434,332, 521
933,1434,332, 521
933,1434,332, 521
933,1434,332, 521
933,1434,332, 521
933,1434,332, 521
933,1434,332, 521
933,1434,332, 521
933,1434,332, 521
933,1434,332, 521
933,1434,332, 521
933,1434,332, 521
933,1434,332, 521
933,1434,332, 521
933,1434,332, 521
933,1434,332, 521
933,1434,332, 521
933,1434,332, 521
933,1434,332, 521
933,1434,332, 521
933,1434,332, 521
933,1434,332, 521
933,1434,332, 521
933,1434,332, 521
933,1434,332, 521
933,1434,332, 521
933,1434,332, 521
933,1434,332, 521
933,1434,332, 521
933,1435,332, 521
933,1435,332, 521
933,1435,332, 521
933,1435,332, 521
933,1435,332, 521
933,1435,332, 521
933,1435,332, 521
933,1435,332, 521
933,1435,332, 521
933,1435,332, 521
933,1435,332, 521
933,1435,332, 521
933,1435,332, 521
933,1435,332, 521
933,1435,332, 521
933,1435,332, 521
933,1435,332, 521
933,1435,332, 521
933,1435,332, 521
933,1435,332, 521
933,1435,332, 521
933,1435,332, 521
933,1435,332, 521
933,1435,332, 521
933,1435,332, 521
933,1435,332, 521
933,1435,332, 521
933,1435,332, 521
933,1435,332, 521
933,1435,332, 521
933,1435,332, 521
933,1435,332, 521
933,1435,332, 521
933,1435,332, 521
933,1435,332, 521
933,1435,332, 521
933,1435,332, 521
933,1435,332, 521
933,1435,332, 521
933,1435,332, 521
933,1435,332, 521
933,1435,332, 521
933,1435,332, 521
933,1435,332, 521
933,1435,332, 521
933,1435,332, 521
933,1436,332, 521
933,1436,332, 521
933,1436,332, 521
933,1436,332, 521
933,1436,332, 521
933,1436,332, 521
933,1436,332, 521
933,1436,332, 521
933,1436,332, 521
933,1436,332, 521
933,1436,332, 521
933,1436,332, 521
933,1436,332, 521
933,1436,332, 521
933,1436,332, 521
933,1436,332, 521
933,1436,332, 521
933,1436,332, 521
933,1436,332, 521
933,1436,332, 521
933,1436,332, 521
933,1436,332, 521
933,1436,332, 521
933,1436,332, 521
933,1436,332, 521
933,1436,332, 521
933,1436,332, 521
933,1436,332, 521
933,1436,332, 521
933,1436,332, 521
933,1436,332, 521
933,1436,332, 521
933,1436,332, 521
933,1436,332, 521
933,1436,332, 521
933,1436,332, 521
933,1436,332, 521
933,1436,332, 521
933,1436,332, 521
933,1436,332, 521
933,1436,332, 521
933,1437,332, 521
933,1437,332, 521
933,1437,332, 521
933,1437,332, 521
933,1437,332, 521
933,1437,332, 521
933,1437,332, 521
933,1437,332, 521
933,1437,332, 521
933,1437,332, 521
933,1437,332, 521
933,1437,332, 521
933,1437,332, 521
933,1437,332, 521
933,1437,332, 521
933,1437,332, 521
933,1437,332, 521
933,1437,332, 521
933,1437,332, 521
933,1437,332, 521
933,1437,332, 521
933,1437,332, 521
933,1437,332, 521
933,1437,332, 521
933,1437,332, 521
933,1437,332, 521
933,1437,332, 521
933,1437,332, 521
933,1437,332, 521
933,1437,332, 521
933,1437,332, 521
933,1437,332, 521
933,1437,332, 521
933,1437,332, 521
933,1437,332, 521
933,1437,332, 521
933,1437,332, 521
933,1437,332, 521
933,1437,332, 521
933,1437,332, 521
933,1437,332, 521
933,1437,332, 521
933,1437,332, 521
933,1437,332, 521
933,1438,332, 521
933,1438,332, 521
933,1438,332, 521
933,1438,332, 521
933,1438,332, 521
933,1438,332, 521
933,1438,332, 521
933,1438,332, 521
933,1438,332, 521
933,1438,332, 521
933,1438,332, 521
933,1438,332, 521
933,1438,332, 521
933,1438,332, 521
933,1438,332, 521
933,1438,332, 521
933,1438,332, 521
933,1438,332, 521
933,1438,332, 521
933,1438,332, 521
933,1438,332, 521
933,1438,332, 521
933,1438,332, 521
933,1438,332, 521
933,1438,332, 521
933,1438,332, 521
933,1438,332, 521
933,1438,332, 521
933,1438,332, 521
933,1438,332, 521
933,1438,332, 521
933,1438,332, 521
933,1438,332, 521
933,1438,332, 521
933,1438,332, 521
933,1438,332, 521
933,1438,332, 521
933,1438,332, 521
933,1438,332, 521
933,1438,332, 521
933,1438,332, 521
933,1438,332, 521
933,1439,332, 521
933,1439,332, 521
933,1439,332, 521
933,1439,332, 521
933,1439,332, 521
933,1439,332, 521
933,1439,332, 521
933,1439,332, 521
933,1439,332, 521
933,1439,332, 521
933,1439,332, 521
933,1439,332, 521
933,1439,332, 521
933,1439,332, 521
933,1439,332, 521
933,1439,332, 521
933,1439,332, 521
933,1439,332, 521
933,1439,332, 521
933,1439,332, 521
933,1439,332, 521
933,1439,332, 521
933,1439,332, 521
933,1439,332, 521
933,1439,332, 521
933,1439,332, 521
933,1439,332, 521
933,1439,332, 521
933,1439,332, 521
933,1439,332, 521
933,1439,332, 521
933,1439,332, 521
933,1439,332, 521
933,1439,332, 521
933,1439,332, 521
933,1439,332, 521
933,1439,332, 521
933,1439,332, 521
933,1439,332, 521
933,1439,332, 521
933,1439,332, 521
933,1439,332, 521
933,1439,332, 521
933,1440,332, 521
933,1440,332, 521
933,1440,332, 521
933,1440,332, 521
933,1440,332, 521
933,1440,332, 521
933,1440,332, 521
933,1440,332, 521
933,1440,332, 521
933,1440,332, 521
933,1440,332, 521
933,1440,332, 521
933,1440,332, 521
933,1440,332, 521
933,1440,332, 521
933,1440,332, 521
933,1440,332, 521
933,1440,332, 521
933,1440,332, 521
933,1440,332, 521
933,1440,332, 521
933,1440,332, 521
933,1440,332, 521
933,1440,332, 521
933,1440,332, 521
933,1440,332, 521
933,1440,332, 521
933,1440,332, 521
933,1440,332, 521
933,1440,332, 521
933,1440,332, 521
933,1440,332, 521
933,1440,332, 521
933,1440,332, 521
933,1440,332, 521
933,1440,332, 521
933,1440,332, 521
933,1440,332, 521
933,1440,332, 521
933,1440,332, 521
933,1440,332, 521
933,1440,332, 521
933,1440,332, 521
933,1440,332, 521
933,1441,332, 521
933,1441,332, 521
933,1441,332, 521
933,1441,332, 521
933,1441,332, 521
933,1441,332, 521
933,1441,332, 521
933,1441,332, 521
933,1441,332, 521
933,1441,332, 521
933,1441,332, 521
933,1441,332, 521
933,1441,332, 521
933,1441,332, 521
933,1441,332, 521
933,1441,332, 521
933,1441,332, 521
933,1441,332, 521
933,1441,332, 521
933,1441,332, 521
933,1441,332, 521
933,1441,332, 521
933,1441,332, 521
933,1441,332, 521
933,1441,332, 521
933,1441,332, 521
933,1441,332, 521
933,1441,332, 521
933,1441,332, 521
933,1441,332, 521
933,1441,332, 521
933,1441,332, 521
933,1441,332, 521
933,1441,332, 521
933,1441,332, 521
933,1441,332, 521
933,1441,332, 521
933,1441,332, 521
933,1441,332, 521
933,1441,332, 521
933,1441,332, 521
933,1442,332, 521
933,1442,332, 521
933,1442,332, 521
933,1442,332, 521
933,1442,332, 521
933,1442,332, 521
933,1442,332, 521
933,1442,332, 521
933,1442,332, 521
933,1442,332, 521
933,1442,332, 521
933,1442,332, 521
933,1442,332, 521
933,1442,332, 521
933,1442,332, 521
933,1442,332, 521
933,1442,332, 521
933,1442,332, 521
933,1442,332, 521
933,1442,332, 521
933,1442,332, 521
933,1442,332, 521
933,1442,332, 521
933,1442,332, 521
933,1442,332, 521
933,1442,332, 521
933,1442,332, 521
933,1442,332, 521
933,1442,332, 521
933,1442,332, 521
933,1442,332, 521
933,1442,332, 521
933,1442,332, 521
933,1442,332, 521
933,1442,332, 521
933,1442,332, 521
933,1442,332, 521
933,1442,332, 521
933,1442,332, 521
933,1442,332, 521
933,1442,332, 521
933,1442,332, 521
933,1442,332, 521
933,1442,332, 521
933,1443,332, 521
933,1443,332, 521
933,1443,332, 521
933,1443,332, 521
933,1443,332, 521
933,1443,332, 521
933,1443,332, 521
933,1443,332, 521
933,1443,332, 521
933,1443,332, 521
933,1443,332, 521
933,1443,332, 521
933,1443,332, 521
933,1443,332, 521
933,1443,332, 521
933,1443,332, 521
933,1443,332, 521
933,1443,332, 521
933,1443,332, 521
933,1443,332, 521
933,1443,332, 521
933,1443,332, 521
933,1443,332, 521
933,1443,332, 521
933,1443,332, 521
933,1443,332, 521
933,1443,332, 521
933,1443,332, 521
933,1443,332, 521
933,1443,332, 521
933,1443,332, 521
933,1443,332, 521
933,1443,332, 521
933,1443,332, 521
933,1443,332, 521
933,1443,332, 521
933,1443,332, 521
933,1443,332, 521
933,1443,332, 521
933,1443,332, 521
933,1443,332, 521
933,1443,332, 521
933,1443,332, 521
933,1443,332, 521
933,1443,332, 521
933,1444,332, 521
933,1444,332, 521
933,1444,332, 521
933,1444,332, 521
933,1444,332, 521
933,1444,332, 521
933,1444,332, 521
933,1444,332, 521
933,1444,332, 521
933,1444,332, 521
933,1444,332, 521
933,1444,332, 521
933,1444,332, 521
933,1444,332, 521
933,1444,332, 521
933,1444,332, 521
933,1444,332, 521
933,1444,332, 521
933,1444,332, 521
933,1444,332, 521
933,1444,332, 521
933,1444,332, 521
933,1444,332, 521
933,1444,332, 521
933,1444,332, 521
933,1444,332, 521
933,1444,332, 521
933,1444,332, 521
933,1444,332, 521
933,1444,332, 521
933,1444,332, 521
933,1444,332, 521
933,1444,332, 521
933,1444,332, 521
933,1444,332, 521
933,1444,332, 521
933,1444,332, 521
933,1444,332, 521
933,1444,332, 521
933,1444,332, 521
933,1445,332, 521
933,1445,332, 521
933,1445,332, 521
933,1445,332, 521
933,1445,332, 521
933,1445,332, 521
933,1445,332, 521
933,1445,332, 521
933,1445,332, 521
933,1445,332, 521
933,1445,332, 521
933,1445,332, 521
933,1445,332, 521
933,1445,332, 521
933,1445,332, 521
933,1445,332, 521
933,1445,332, 521
933,1445,332, 521
933,1445,332, 521
933,1445,332, 521
933,1445,332, 521
933,1445,332, 521
933,1445,332, 521
933,1445,332, 521
933,1445,332, 521
933,1445,332, 521
933,1445,332, 521
933,1445,332, 521
933,1445,332, 521
933,1445,332, 521
933,1445,332, 521
933,1445,332, 521
933,1445,332, 521
933,1445,332, 521
933,1445,332, 521
933,1445,332, 521
933,1445,332, 521
933,1445,332, 521
933,1445,332, 521
933,1445,332, 521
933,1445,332, 521
933,1445,332, 521
933,1446,332, 521
933,1446,332, 521
933,1446,332, 521
933,1446,332, 521
933,1446,332, 521
933,1446,332, 521
933,1446,332, 521
933,1446,332, 521
933,1446,332, 521
933,1446,332, 521
933,1446,332, 521
933,1446,332, 521
933,1446,332, 521
933,1446,332, 521
933,1446,332, 521
933,1446,332, 521
933,1446,332, 521
933,1446,332, 521
933,1446,332, 521
933,1446,332, 521
933,1446,332, 521
933,1446,332, 521
933,1446,332, 521
933,1446,332, 521
933,1446,332, 521
933,1446,332, 521
933,1446,332, 521
933,1446,332, 521
933,1446,332, 521
933,1446,332, 521
933,1446,332, 521
933,1446,332, 521
933,1446,332, 521
933,1446,332, 521
933,1446,332, 521
933,1446,332, 521
933,1446,332, 521
933,1446,332, 521
933,1446,332, 521
933,1446,332, 521
933,1446,332, 521
933,1446,332, 521
933,1446,332, 521
933,1446,332, 521
933,1447,332, 521
933,1447,332, 521
933,1447,332, 521
933,1447,332, 521
933,1447,332, 521
933,1447,332, 521
933,1447,332, 521
933,1447,332, 521
933,1447,332, 521
933,1447,332, 521
933,1447,332, 521
933,1447,332, 521
933,1447,332, 521
933,1447,332, 521
933,1447,332, 521
933,1447,332, 521
933,1447,332, 521
933,1447,332, 521
933,1447,332, 521
933,1447,332, 521
933,1447,332, 521
933,1447,332, 521
933,1447,332, 521
933,1447,332, 521
933,1447,332, 521
933,1447,332, 521
933,1447,332, 521
933,1447,332, 521
933,1447,332, 521
933,1447,332, 521
933,1447,332, 521
933,1447,332, 521
933,1447,332, 521
933,1447,332, 521
933,1447,332, 521
933,1447,332, 521
933,1447,332, 521
933,1447,332, 521
933,1447,332, 521
933,1447,332, 521
933,1447,332, 521
933,1447,332, 521
933,1447,332, 521
933,1447,332, 521
933,1447,332, 521
933,1447,332, 521
933,1448,332, 521
933,1448,332, 521
933,1448,332, 521
933,1448,332, 521
933,1448,332, 521
933,1448,332, 521
933,1448,332, 521
933,1448,332, 521
933,1448,332, 521
933,1448,332, 521
933,1448,332, 521
933,1448,332, 521
933,1448,332, 521
933,1448,332, 521
933,1448,332, 521
933,1448,332, 521
933,1448,332, 521
933,1448,332, 521
933,1448,332, 521
933,1448,332, 521
933,1448,332, 521
933,1448,332, 521
933,1448,332, 521
933,1448,332, 521
933,1448,332, 521
933,1448,332, 521
933,1448,332, 521
933,1448,332, 521
933,1448,332, 521
933,1448,332, 521
933,1448,332, 521
933,1448,332, 521
933,1448,332, 521
933,1448,332, 521
933,1448,332, 521
933,1448,332, 521
933,1448,332, 521
933,1448,332, 521
933,1448,332, 521
933,1448,332, 521
933,1448,332, 521
933,1449,332, 521
933,1449,332, 521
933,1449,332, 521
933,1449,332, 521
933,1449,332, 521
933,1449,332, 521
933,1449,332, 521
933,1449,332, 521
933,1449,332, 521
933,1449,332, 521
933,1449,332, 521
933,1449,332, 521
933,1449,332, 521
933,1449,332, 521
933,1449,332, 521
933,1449,332, 521
933,1449,332, 521
933,1449,332, 521
933,1449,332, 521
933,1449,332, 521
933,1449,332, 521
933,1449,332, 521
933,1449,332, 521
933,1449,332, 521
933,1449,332, 521
933,1449,332, 521
933,1449,332, 521
933,1449,332, 521
933,1449,332, 521
933,1449,332, 521
933,1449,332, 521
933,1449,332, 521
933,1449,332, 521
933,1449,332, 521
933,1449,332, 521
933,1449,332, 521
933,1449,332, 521
933,1449,332, 521
933,1449,332, 521
933,1449,332, 521
933,1449,332, 521
933,1449,332, 521
933,1449,332, 521
933,1449,332, 521
933,1449,332, 521
933,1450,332, 521
933,1450,332, 521
933,1450,332, 521
933,1450,332, 521
933,1450,332, 521
933,1450,332, 521
933,1450,332, 521
933,1450,332, 521
933,1450,332, 521
933,1450,332, 521
933,1450,332, 521
933,1450,332, 521
933,1450,332, 521
933,1450,332, 521
933,1450,332, 521
933,1450,332, 521
933,1450,332, 521
933,1450,332, 521
933,1450,332, 521
933,1450,332, 521
933,1450,332, 521
933,1450,332, 521
933,1450,332, 521
933,1450,332, 521
933,1450,332, 521
933,1450,332, 521
933,1450,332, 521
933,1450,332, 521
933,1450,332, 521
933,1450,332, 521
933,1450,332, 521
933,1450,332, 521
933,1450,332, 521
933,1450,332, 521
933,1450,332, 521
933,1450,332, 521
933,1450,332, 521
933,1450,332, 521
933,1450,332, 521
933,1450,332, 521
933,1450,332, 521
933,1450,332, 521
933,1450,332, 521
933,1450,332, 521
933,1451,332, 521
933,1451,332, 521
933,1451,332, 521
933,1451,332, 521
933,1451,332, 521
933,1451,332, 521
933,1451,332, 521
933,1451,332, 521
933,1451,332, 521
933,1451,332, 521
933,1451,332, 521
933,1451,332, 521
933,1451,332, 521
933,1451,332, 521
933,1451,332, 521
933,1451,332, 521
933,1451,332, 521
933,1451,332, 521
933,1451,332, 521
933,1451,332, 521
933,1451,332, 521
933,1451,332, 521
933,1451,332, 521
933,1451,332, 521
933,1451,332, 521
933,1451,332, 521
933,1451,332, 521
933,1451,332, 521
933,1451,332, 521
933,1451,332, 521
933,1451,332, 521
933,1451,332, 521
933,1451,332, 521
933,1451,332, 521
933,1451,332, 521
933,1451,332, 521
933,1451,332, 521
933,1451,332, 521
933,1451,332, 521
933,1451,332, 521
933,1452,332, 521
933,1452,332, 521
933,1452,332, 521
933,1452,332, 521
933,1452,332, 521
933,1452,332, 521
933,1452,332, 521
933,1452,332, 521
933,1452,332, 521
933,1452,332, 521
933,1452,332, 521
933,1452,332, 521
933,1452,332, 521
933,1452,332, 521
933,1452,332, 521
933,1452,332, 521
933,1452,332, 521
933,1452,332, 521
933,1452,332, 521
933,1452,332, 521
933,1452,332, 521
933,1452,332, 521
933,1452,332, 521
933,1452,332, 521
933,1452,332, 521
933,1452,332, 521
933,1452,332, 521
933,1452,332, 521
933,1452,332, 521
933,1452,332, 521
933,1452,332, 521
933,1452,332, 521
933,1452,332, 521
933,1452,332, 521
933,1452,332, 521
933,1452,332, 521
933,1452,332, 521
933,1452,332, 521
933,1452,332, 521
933,1452,332, 521
933,1452,332, 521
933,1452,332, 521
933,1452,332, 521
933,1452,332, 521
933,1452,332, 521
933,1453,332, 521
933,1453,332, 521
933,1453,332, 521
933,1453,332, 521
933,1453,332, 521
933,1453,332, 521
933,1453,332, 521
933,1453,332, 521
933,1453,332, 521
933,1453,332, 521
933,1453,332, 521
933,1453,332, 521
933,1453,332, 521
933,1453,332, 521
933,1453,332, 521
933,1453,332, 521
933,1453,332, 521
933,1453,332, 521
933,1453,332, 521
933,1453,332, 521
933,1453,332, 521
933,1453,332, 521
933,1453,332, 521
933,1453,332, 521
933,1453,332, 521
933,1453,332, 521
933,1453,332, 521
933,1453,332, 521
933,1453,332, 521
933,1453,332, 521
933,1453,332, 521
933,1453,332, 521
933,1453,332, 521
933,1453,332, 521
933,1453,332, 521
933,1453,332, 521
933,1453,332, 521
933,1453,332, 521
933,1453,332, 521
933,1453,332, 521
933,1454,332, 521
933,1454,332, 521
933,1454,332, 521
933,1454,332, 521
933,1454,332, 521
933,1454,332, 521
933,1454,332, 521
933,1454,332, 521
933,1454,332, 521
933,1454,332, 521
933,1454,332, 521
933,1454,332, 521
933,1454,332, 521
933,1454,332, 521
933,1454,332, 521
933,1454,332, 521
933,1454,332, 521
933,1454,332, 521
933,1454,332, 521
933,1454,332, 521
933,1454,332, 521
933,1454,332, 521
933,1454,332, 521
933,1454,332, 521
933,1454,332, 521
933,1454,332, 521
933,1454,332, 521
933,1454,332, 521
933,1454,332, 521
933,1454,332, 521
933,1454,332, 521
933,1454,332, 521
933,1454,332, 521
933,1454,332, 521
933,1454,332, 521
933,1454,332, 521
933,1454,332, 521
933,1454,332, 521
933,1454,332, 521
933,1454,332, 521
933,1454,332, 521
933,1454,332, 521
933,1454,332, 521
933,1454,332, 521
933,1454,332, 521
933,1455,332, 521
933,1455,332, 521
933,1455,332, 521
933,1455,332, 521
933,1455,332, 521
933,1455,332, 521
933,1455,332, 521
933,1455,332, 521
933,1455,332, 521
933,1455,332, 521
933,1455,332, 521
933,1455,332, 521
933,1455,332, 521
933,1455,332, 521
933,1455,332, 521
933,1455,332, 521
933,1455,332, 521
933,1455,332, 521
933,1455,332, 521
933,1455,332, 521
933,1455,332, 521
933,1455,332, 521
933,1455,332, 521
933,1455,332, 521
933,1455,332, 521
933,1455,332, 521
933,1455,332, 521
933,1455,332, 521
933,1455,332, 521
933,1455,332, 521
933,1455,332, 521
933,1455,332, 521
933,1455,332, 521
933,1455,332, 521
933,1455,332, 521
933,1455,332, 521
933,1455,332, 521
933,1455,332, 521
933,1455,332, 521
933,1455,332, 521
933,1455,332, 521
933,1455,332, 521
933,1455,332, 521
933,1455,332, 521
933,1456,332, 521
933,1456,332, 521
933,1456,332, 521
933,1456,332, 521
933,1456,332, 521
933,1456,332, 521
933,1456,332, 521
933,1456,332, 521
933,1456,332, 521
933,1456,332, 521
933,1456,332, 521
933,1456,332, 521
933,1456,332, 521
933,1456,332, 521
933,1456,332, 521
933,1456,332, 521
933,1456,332, 521
933,1456,332, 521
933,1456,332, 521
933,1456,332, 521
933,1456,332, 521
933,1456,332, 521
933,1456,332, 521
933,1456,332, 521
933,1456,332, 521
933,1456,332, 521
933,1456,332, 521
933,1456,332, 521
933,1456,332, 521
933,1456,332, 521
933,1456,332, 521
933,1456,332, 521
933,1456,332, 521
933,1456,332, 521
933,1456,332, 521
933,1456,332, 521
933,1456,332, 521
933,1456,332, 521
933,1456,332, 521
933,1456,332, 521
933,1457,332, 521
933,1457,332, 521
933,1457,332, 521
933,1457,332, 521
933,1457,332, 521
933,1457,332, 521
933,1457,332, 521
933,1457,332, 521
933,1457,332, 521
933,1457,332, 521
933,1457,332, 521
933,1457,332, 521
933,1457,332, 521
933,1457,332, 521
933,1457,332, 521
933,1457,332, 521
933,1457,332, 521
933,1457,332, 521
933,1457,332, 521
933,1457,332, 521
933,1457,332, 521
933,1457,332, 521
933,1457,332, 521
933,1457,332, 521
933,1457,332, 521
933,1457,332, 521
933,1457,332, 521
933,1457,332, 521
933,1457,332, 521
933,1457,332, 521
933,1457,332, 521
933,1457,332, 521
933,1457,332, 521
933,1457,332, 521
933,1457,332, 521
933,1457,332, 521
933,1457,332, 521
933,1457,332, 521
933,1457,332, 521
933,1457,332, 521
933,1457,332, 521
933,1457,332, 521
933,1457,332, 521
933,1457,332, 521
933,1457,332, 521
933,1458,332, 521
933,1458,332, 521
933,1458,332, 521
933,1458,332, 521
933,1458,332, 521
933,1458,332, 521
933,1458,332, 521
933,1458,332, 521
933,1458,332, 521
933,1458,332, 521
933,1458,332, 521
933,1458,332, 521
933,1458,332, 521
933,1458,332, 521
933,1458,332, 521
933,1458,332, 521
933,1458,332, 521
933,1458,332, 521
933,1458,332, 521
933,1458,332, 521
933,1458,332, 521
933,1458,332, 521
933,1458,332, 521
933,1458,332, 521
933,1458,332, 521
933,1458,332, 521
933,1458,332, 521
933,1458,332, 521
933,1458,332, 521
933,1458,332, 521
933,1458,332, 521
933,1458,332, 521
933,1458,332, 521
933,1458,332, 521
933,1458,332, 521
933,1458,332, 521
933,1458,332, 521
933,1458,332, 521
933,1458,332, 521
933,1458,332, 521
933,1458,332, 521
933,1458,332, 521
933,1458,332, 521
933,1458,332, 521
933,1459,332, 521
933,1459,332, 521
933,1459,332, 521
933,1459,332, 521
933,1459,332, 521
933,1459,332, 521
933,1459,332, 521
933,1459,332, 521
933,1459,332, 521
933,1459,332, 521
933,1459,332, 521
933,1459,332, 521
933,1459,332, 521
933,1459,332, 521
933,1459,332, 521
933,1459,332, 521
933,1459,332, 521
933,1459,332, 521
933,1459,332, 521
933,1459,332, 521
933,1459,332, 521
933,1459,332, 521
933,1459,332, 521
933,1459,332, 521
933,1459,332, 521
933,1459,332, 521
933,1459,332, 521
933,1459,332, 521
933,1459,332, 521
933,1459,332, 521
933,1459,332, 521
933,1459,332, 521
933,1459,332, 521
933,1459,332, 521
933,1459,332, 521
933,1459,332, 521
933,1459,332, 521
933,1459,332, 521
933,1459,332, 521
933,1459,332, 521
933,1459,332, 521
933,1460,332, 521
933,1460,332, 521
933,1460,332, 521
933,1460,332, 521
933,1460,332, 521
933,1460,332, 521
933,1460,332, 521
933,1460,332, 521
933,1460,332, 521
933,1460,332, 521
933,1460,332, 521
933,1460,332, 521
933,1460,332, 521
933,1460,332, 521
933,1460,332, 521
933,1460,332, 521
933,1460,332, 521
933,1460,332, 521
933,1460,332, 521
933,1460,332, 521
933,1460,332, 521
933,1460,332, 521
933,1460,332, 521
933,1460,332, 521
933,1460,332, 521
933,1460,332, 521
933,1460,332, 521
933,1460,332, 521
933,1460,332, 521
933,1460,332, 521
933,1460,332, 521
933,1460,332, 521
933,1460,332, 521
933,1460,332, 521
933,1460,332, 521
933,1460,332, 521
933,1460,332, 521
933,1460,332, 521
933,1460,332, 521
933,1460,332, 521
933,1460,332, 521
933,1460,332, 521
933,1460,332, 521
933,1461,332, 521
933,1461,332, 521
933,1461,332, 521
933,1461,332, 521
933,1461,332, 521
933,1461,332, 521
933,1461,332, 521
933,1461,332, 521
933,1461,332, 521
933,1461,332, 521
933,1461,332, 521
933,1461,332, 521
933,1461,332, 521
933,1461,332, 521
933,1461,332, 521
933,1461,332, 521
933,1461,332, 521
933,1461,332, 521
933,1461,332, 521
933,1461,332, 521
933,1461,332, 521
933,1461,332, 521
933,1461,332, 521
933,1461,332, 521
933,1461,332, 521
933,1461,332, 521
933,1461,332, 521
933,1461,332, 521
933,1461,332, 521
933,1461,332, 521
933,1461,332, 521
933,1461,332, 521
933,1461,332, 521
933,1461,332, 521
933,1461,332, 521
933,1461,332, 521
933,1461,332, 521
933,1461,332, 521
933,1461,332, 521
933,1461,332, 521
933,1461,332, 521
933,1461,332, 521
933,1461,332, 521
933,1461,332, 521
933,1461,332, 521
933,1461,332, 521
933,1461,332, 521
933,1462,332, 521
933,1462,332, 521
933,1462,332, 521
933,1462,332, 521
933,1462,332, 521
933,1462,332, 521
933,1462,332, 521
933,1462,332, 521
933,1462,332, 521
933,1462,332, 521
933,1462,332, 521
933,1462,332, 521
933,1462,332, 521
933,1462,332, 521
933,1462,332, 521
933,1462,332, 521
933,1462,332, 521
933,1462,332, 521
933,1462,332, 521
933,1462,332, 521
933,1462,332, 521
933,1462,332, 521
933,1462,332, 521
933,1462,332, 521
933,1462,332, 521
933,1462,332, 521
933,1462,332, 521
933,1462,332, 521
933,1462,332, 521
933,1462,332, 521
933,1462,332, 521
933,1462,332, 521
933,1462,332, 521
933,1462,332, 521
933,1462,332, 521
933,1462,332, 521
933,1462,332, 521
933,1462,332, 521
933,1462,332, 521
933,1462,332, 521
933,1462,332, 521
933,1462,332, 521
933,1462,332, 521
933,1463,332, 521
933,1463,332, 521
933,1463,332, 521
933,1463,332, 521
933,1463,332, 521
933,1463,332, 521
933,1463,332, 521
933,1463,332, 521
933,1463,332, 521
933,1463,332, 521
933,1463,332, 521
933,1463,332, 521
933,1463,332, 521
933,1463,332, 521
933,1463,332, 521
933,1463,332, 521
933,1463,332, 521
933,1463,332, 521
933,1463,332, 521
933,1463,332, 521
933,1463,332, 521
933,1463,332, 521
933,1463,332, 521
933,1463,332, 521
933,1463,332, 521
933,1463,332, 521
933,1463,332, 521
933,1463,332, 521
933,1463,332, 521
933,1463,332, 521
933,1463,332, 521
933,1463,332, 521
933,1463,332, 521
933,1463,332, 521
933,1463,332, 521
933,1463,332, 521
933,1463,332, 521
933,1463,332, 521
933,1463,332, 521
933,1463,332, 521
933,1464,332, 521
933,1464,332, 521
933,1464,332, 521
933,1464,332, 521
933,1464,332, 521
933,1464,332, 521
933,1464,332, 521
933,1464,332, 521
933,1464,332, 521
933,1464,332, 521
933,1464,332, 521
933,1464,332, 521
933,1464,332, 521
933,1464,332, 521
933,1464,332, 521
933,1464,332, 521
933,1464,332, 521
933,1464,332, 521
933,1464,332, 521
933,1464,332, 521
933,1464,332, 521
933,1464,332, 521
933,1464,332, 521
933,1464,332, 521
933,1464,332, 521
933,1464,332, 521
933,1464,332, 521
933,1464,332, 521
933,1464,332, 521
933,1464,332, 521
933,1464,332, 521
933,1464,332, 521
933,1464,332, 521
933,1464,332, 521
933,1464,332, 521
933,1464,332, 521
933,1464,332, 521
933,1464,332, 521
933,1464,332, 521
933,1464,332, 521
933,1464,332, 521
933,1464,332, 521
933,1464,332, 521
933,1464,332, 521
933,1464,332, 521
933,1465,332, 521
933,1465,332, 521
933,1465,332, 521
933,1465,332, 521
933,1465,332, 521
933,1465,332, 521
933,1465,332, 521
933,1465,332, 521
933,1465,332, 521
933,1465,332, 521
933,1465,332, 521
933,1465,332, 521
933,1465,332, 521
933,1465,332, 521
933,1465,332, 521
933,1465,332, 521
933,1465,332, 521
933,1465,332, 521
933,1465,332, 521
933,1465,332, 521
933,1465,332, 521
933,1465,332, 521
933,1465,332, 521
933,1465,332, 521
933,1465,332, 521
933,1465,332, 521
933,1465,332, 521
933,1465,332, 521
933,1465,332, 521
933,1465,332, 521
933,1465,332, 521
933,1465,332, 521
933,1465,332, 521
933,1465,332, 521
933,1465,332, 521
933,1465,332, 521
933,1465,332, 521
933,1465,332, 521
933,1465,332, 521
933,1465,332, 521
933,1465,332, 521
933,1465,332, 521
933,1465,332, 521
933,1465,332, 521
933,1466,332, 521
933,1466,332, 521
933,1466,332, 521
933,1466,332, 521
933,1466,332, 521
933,1466,332, 521
933,1466,332, 521
933,1466,332, 521
933,1466,332, 521
933,1466,332, 521
933,1466,332, 521
933,1466,332, 521
933,1466,332, 521
933,1466,332, 521
933,1466,332, 521
933,1466,332, 521
933,1466,332, 521
933,1466,332, 521
933,1466,332, 521
933,1466,332, 521
933,1466,332, 521
933,1466,332, 521
933,1466,332, 521
933,1466,332, 521
933,1466,332, 521
933,1466,332, 521
933,1466,332, 521
933,1466,332, 521
933,1466,332, 521
933,1466,332, 521
933,1466,332, 521
933,1466,332, 521
933,1466,332, 521
933,1466,332, 521
933,1466,332, 521
933,1466,332, 521
933,1466,332, 521
933,1466,332, 521
933,1466,332, 521
933,1466,332, 521
933,1467,332, 521
933,1467,332, 521
933,1467,332, 521
933,1467,332, 521
933,1467,332, 521
933,1467,332, 521
933,1467,332, 521
933,1467,332, 521
933,1467,332, 521
933,1467,332, 521
933,1467,332, 521
933,1467,332, 521
933,1467,332, 521
933,1467,332, 521
933,1467,332, 521
933,1467,332, 521
933,1467,332, 521
933,1467,332, 521
933,1467,332, 521
933,1467,332, 521
933,1467,332, 521
933,1467,332, 521
933,1467,332, 521
933,1467,332, 521
933,1467,332, 521
933,1467,332, 521
933,1467,332, 521
933,1467,332, 521
933,1467,332, 521
933,1467,332, 521
933,1467,332, 521
933,1467,332, 521
933,1467,332, 521
933,1467,332, 521
933,1467,332, 521
933,1467,332, 521
933,1467,332, 521
933,1467,332, 521
933,1467,332, 521
933,1467,332, 521
933,1467,332, 521
933,1467,332, 521
933,1467,332, 521
933,1467,332, 521
933,1467,332, 521
933,1468,332, 521
933,1468,332, 521
933,1468,332, 521
933,1468,332, 521
933,1468,332, 521
933,1468,332, 521
933,1468,332, 521
933,1468,332, 521
933,1468,332, 521
933,1468,332, 521
933,1468,332, 521
933,1468,332, 521
933,1468,332, 521
933,1468,332, 521
933,1468,332, 521
933,1468,332, 521
933,1468,332, 521
933,1468,332, 521
933,1468,332, 521
933,1468,332, 521
933,1468,332, 521
933,1468,332, 521
933,1468,332, 521
933,1468,332, 521
933,1468,332, 521
933,1468,332, 521
933,1468,332, 521
933,1468,332, 521
933,1468,332, 521
933,1468,332, 521
933,1468,332, 521
933,1468,332, 521
933,1468,332, 521
933,1468,332, 521
933,1468,332, 521
933,1468,332, 521
933,1468,332, 521
933,1468,332, 521
933,1468,332, 521
933,1468,332, 521
933,1468,332, 521
933,1468,332, 521
933,1468,332, 521
933,1469,332, 521
933,1469,332, 521
933,1469,332, 521
933,1469,332, 521
933,1469,332, 521
933,1469,332, 521
933,1469,332, 521
933,1469,332, 521
933,1469,332, 521
933,1469,332, 521
933,1469,332, 521
933,1469,332, 521
933,1469,332, 521
933,1469,332, 521
933,1469,332, 521
933,1469,332, 521
933,1469,332, 521
933,1469,332, 521
933,1469,332, 521
933,1469,332, 521
933,1469,332, 521
933,1469,332, 521
933,1469,332, 521
933,1469,332, 521
933,1469,332, 521
933,1469,332, 521
933,1469,332, 521
933,1469,332, 521
933,1469,332, 521
933,1469,332, 521
933,1469,332, 521
933,1469,332, 521
933,1469,332, 521
933,1469,332, 521
933,1469,332, 521
933,1469,332, 521
933,1469,332, 521
933,1469,332, 521
933,1469,332, 521
933,1469,332, 521
933,1469,332, 521
933,1469,332, 521
933,1469,332, 521
933,1470,332, 521
933,1470,332, 521
933,1470,332, 521
933,1470,332, 521
933,1470,332, 521
933,1470,332, 521
933,1470,332, 521
933,1470,332, 521
933,1470,332, 521
933,1470,332, 521
933,1470,332, 521
933,1470,332, 521
933,1470,332, 521
933,1470,332, 521
933,1470,332, 521
933,1470,332, 521
933,1470,332, 521
933,1470,332, 521
933,1470,332, 521
933,1470,332, 521
933,1470,332, 521
933,1470,332, 521
933,1470,332, 521
933,1470,332, 521
933,1470,332, 521
933,1470,332, 521
933,1470,332, 521
933,1470,332, 521
933,1470,332, 521
933,1470,332, 521
933,1470,332, 521
933,1470,332, 521
933,1470,332, 521
933,1470,332, 521
933,1470,332, 521
933,1470,332, 521
933,1470,332, 521
933,1470,332, 521
933,1470,332, 521
933,1470,332, 521
933,1470,332, 521
933,1470,332, 521
933,1470,332, 521
933,1470,332, 521
933,1470,332, 521
933,1471,332, 521
933,1471,332, 521
933,1471,332, 521
933,1471,332, 521
933,1471,332, 521
933,1471,332, 521
933,1471,332, 521
933,1471,332, 521
933,1471,332, 521
933,1471,332, 521
933,1471,332, 521
933,1471,332, 521
933,1471,332, 521
933,1471,332, 521
933,1471,332, 521
933,1471,332, 521
933,1471,332, 521
933,1471,332, 521
933,1471,332, 521
933,1471,332, 521
933,1471,332, 521
933,1471,332, 521
933,1471,332, 521
933,1471,332, 521
933,1471,332, 521
933,1471,332, 521
933,1471,332, 521
933,1471,332, 521
933,1471,332, 521
933,1471,332, 521
933,1471,332, 521
933,1471,332, 521
933,1471,332, 521
933,1471,332, 521
933,1471,332, 521
933,1471,332, 521
933,1471,332, 521
933,1471,332, 521
933,1471,332, 521
933,1471,332, 521
933,1471,332, 521
933,1472,332, 521
933,1472,332, 521
933,1472,332, 521
933,1472,332, 521
933,1472,332, 521
933,1472,332, 521
933,1472,332, 521
933,1472,332, 521
933,1472,332, 521
933,1472,332, 521
933,1472,332, 521
933,1472,332, 521
933,1472,332, 521
933,1472,332, 521
933,1472,332, 521
933,1472,332, 521
933,1472,332, 521
933,1472,332, 521
933,1472,332, 521
933,1472,332, 521
933,1472,332, 521
933,1472,332, 521
933,1472,332, 521
933,1472,332, 521
933,1472,332, 521
933,1472,332, 521
933,1472,332, 521
933,1472,332, 521
933,1472,332, 521
933,1472,332, 521
933,1472,332, 521
933,1472,332, 521
933,1472,332, 521
933,1472,332, 521
933,1472,332, 521
933,1472,332, 521
933,1472,332, 521
933,1472,332, 521
933,1472,332, 521
933,1472,332, 521
933,1472,332, 521
933,1472,332, 521
933,1472,332, 521
933,1473,332, 521
933,1473,332, 521
933,1473,332, 521
933,1473,332, 521
933,1473,332, 521
933,1473,332, 521
933,1473,332, 521
933,1473,332, 521
933,1473,332, 521
933,1473,332, 521
933,1473,332, 521
933,1473,332, 521
933,1473,332, 521
933,1473,332, 521
933,1473,332, 521
933,1473,332, 521
933,1473,332, 521
933,1473,332, 521
933,1473,332, 521
933,1473,332, 521
933,1473,332, 521
933,1473,332, 521
933,1473,332, 521
933,1473,332, 521
933,1473,332, 521
933,1473,332, 521
933,1473,332, 521
933,1473,332, 521
933,1473,332, 521
933,1473,332, 521
933,1473,332, 521
933,1473,332, 521
933,1473,332, 521
933,1473,332, 521
933,1473,332, 521
933,1473,332, 521
933,1473,332, 521
933,1473,332, 521
933,1473,332, 521
933,1473,332, 521
933,1473,332, 521
933,1473,332, 521
933,1473,332, 521
933,1473,332, 521
933,1473,332, 521
933,1473,332, 521
933,1474,332, 521
933,1474,332, 521
933,1474,332, 521
933,1474,332, 521
933,1474,332, 521
933,1474,332, 521
933,1474,332, 521
933,1474,332, 521
933,1474,332, 521
933,1474,332, 521
933,1474,332, 521
933,1474,332, 521
933,1474,332, 521
933,1474,332, 521
933,1474,332, 521
933,1474,332, 521
933,1474,332, 521
933,1474,332, 521
933,1474,332, 521
933,1474,332, 521
933,1474,332, 521
933,1474,332, 521
933,1474,332, 521
933,1474,332, 521
933,1474,332, 521
933,1474,332, 521
933,1474,332, 521
933,1474,332, 521
933,1474,332, 521
933,1474,332, 521
933,1474,332, 521
933,1474,332, 521
933,1474,332, 521
933,1474,332, 521
933,1474,332, 521
933,1474,332, 521
933,1474,332, 521
933,1474,332, 521
933,1474,332, 521
933,1474,332, 521
933,1475,332, 521
933,1475,332, 521
933,1475,332, 521
933,1475,332, 521
933,1475,332, 521
933,1475,332, 521
933,1475,332, 521
933,1475,332, 521
933,1475,332, 521
933,1475,332, 521
933,1475,332, 521
933,1475,332, 521
933,1475,332, 521
933,1475,332, 521
933,1475,332, 521
933,1475,332, 521
933,1475,332, 521
933,1475,332, 521
933,1475,332, 521
933,1475,332, 521
933,1475,332, 521
933,1475,332, 521
933,1475,332, 521
933,1475,332, 521
933,1475,332, 521
933,1475,332, 521
933,1475,332, 521
933,1475,332, 521
933,1475,332, 521
933,1475,332, 521
933,1475,332, 521
933,1475,332, 521
933,1475,332, 521
933,1475,332, 521
933,1475,332, 521
933,1475,332, 521
933,1475,332, 521
933,1475,332, 521
933,1475,332, 521
933,1475,332, 521
933,1475,332, 521
933,1475,332, 521
933,1475,332, 521
933,1475,332, 521
933,1475,332, 521
933,1476,332, 521
933,1476,332, 521
933,1476,332, 521
933,1476,332, 521
933,1476,332, 521
933,1476,332, 521
933,1476,332, 521
933,1476,332, 521
933,1476,332, 521
933,1476,332, 521
933,1476,332, 521
933,1476,332, 521
933,1476,332, 521
933,1476,332, 521
933,1476,332, 521
933,1476,332, 521
933,1476,332, 521
933,1476,332, 521
933,1476,332, 521
933,1476,332, 521
933,1476,332, 521
933,1476,332, 521
933,1476,332, 521
933,1476,332, 521
933,1476,332, 521
933,1476,332, 521
933,1476,332, 521
933,1476,332, 521
933,1476,332, 521
933,1476,332, 521
933,1476,332, 521
933,1476,332, 521
933,1476,332, 521
933,1476,332, 521
933,1476,332, 521
933,1476,332, 521
933,1476,332, 521
933,1476,332, 521
933,1476,332, 521
933,1476,332, 521
933,1476,332, 521
933,1476,332, 521
933,1476,332, 521
933,1476,332, 521
933,1477,332, 521
933,1477,332, 521
933,1477,332, 521
933,1477,332, 521
933,1477,332, 521
933,1477,332, 521
933,1477,332, 521
933,1477,332, 521
933,1477,332, 521
933,1477,332, 521
933,1477,332, 521
933,1477,332, 521
933,1477,332, 521
933,1477,332, 521
933,1477,332, 521
933,1477,332, 521
933,1477,332, 521
933,1477,332, 521
933,1477,332, 521
933,1477,332, 521
933,1477,332, 521
933,1477,332, 521
933,1477,332, 521
933,1477,332, 521
933,1477,332, 521
933,1477,332, 521
933,1477,332, 521
933,1477,332, 521
933,1477,332, 521
933,1477,332, 521
933,1477,332, 521
933,1477,332, 521
933,1477,332, 521
933,1477,332, 521
933,1477,332, 521
933,1477,332, 521
933,1477,332, 521
933,1477,332, 521
933,1477,332, 521
933,1477,332, 521
933,1477,332, 521
933,1478,332, 521
933,1478,332, 521
933,1478,332, 521
933,1478,332, 521
933,1478,332, 521
933,1478,332, 521
933,1478,332, 521
933,1478,332, 521
933,1478,332, 521
933,1478,332, 521
933,1478,332, 521
933,1478,332, 521
933,1478,332, 521
933,1478,332, 521
933,1478,332, 521
933,1478,332, 521
933,1478,332, 521
933,1478,332, 521
933,1478,332, 521
933,1478,332, 521
933,1478,332, 521
933,1478,332, 521
933,1478,332, 521
933,1478,332, 521
933,1478,332, 521
933,1478,332, 521
933,1478,332, 521
933,1478,332, 521
933,1478,332, 521
933,1478,332, 521
933,1478,332, 521
933,1478,332, 521
933,1478,332, 521
933,1478,332, 521
933,1478,332, 521
933,1478,332, 521
933,1478,332, 521
933,1478,332, 521
933,1478,332, 521
933,1478,332, 521
933,1478,332, 521
933,1478,332, 521
933,1478,332, 521
933,1479,332, 521
933,1479,332, 521
933,1479,332, 521
933,1479,332, 521
933,1479,332, 521
933,1479,332, 521
933,1479,332, 521
933,1479,332, 521
933,1479,332, 521
933,1479,332, 521
933,1479,332, 521
933,1479,332, 521
933,1479,332, 521
933,1479,332, 521
933,1479,332, 521
933,1479,332, 521
933,1479,332, 521
933,1479,332, 521
933,1479,332, 521
933,1479,332, 521
933,1479,332, 521
933,1479,332, 521
933,1479,332, 521
933,1479,332, 521
933,1479,332, 521
933,1479,332, 521
933,1479,332, 521
933,1479,332, 521
933,1479,332, 521
933,1479,332, 521
933,1479,332, 521
933,1479,332, 521
933,1479,332, 521
933,1479,332, 521
933,1479,332, 521
933,1479,332, 521
933,1479,332, 521
933,1479,332, 521
933,1479,332, 521
933,1479,332, 521
933,1479,332, 521
933,1479,332, 521
933,1479,332, 521
933,1479,332, 521
933,1479,332, 521
933,1479,332, 521
933,1479,332, 521
933,1479,332, 521
933,1479,332, 521
933,1480,332, 521
933,1480,332, 521
933,1480,332, 521
933,1480,332, 521
933,1480,332, 521
933,1480,332, 521
933,1480,332, 521
933,1480,332, 521
933,1480,332, 521
933,1480,332, 521
933,1480,332, 521
933,1480,332, 521
933,1480,332, 521
933,1480,332, 521
933,1480,332, 521
933,1480,332, 521
933,1480,332, 521
933,1480,332, 521
933,1480,332, 521
933,1480,332, 521
933,1480,332, 521
933,1480,332, 521
933,1480,332, 521
933,1480,332, 521
933,1480,332, 521
933,1480,332, 521
933,1480,332, 521
933,1480,332, 521
933,1480,332, 521
933,1480,332, 521
933,1480,332, 521
933,1480,332, 521
933,1480,332, 521
933,1480,332, 521
933,1480,332, 521
933,1480,332, 521
933,1480,332, 521
933,1480,332, 521
933,1480,332, 521
933,1480,332, 521
933,1480,332, 521
933,1481,332, 521
933,1481,332, 521
933,1481,332, 521
933,1481,332, 521
933,1481,332, 521
933,1481,332, 521
933,1481,332, 521
933,1481,332, 521
933,1481,332, 521
933,1481,332, 521
933,1481,332, 521
933,1481,332, 521
933,1481,332, 521
933,1481,332, 521
933,1481,332, 521
933,1481,332, 521
933,1481,332, 521
933,1481,332, 521
933,1481,332, 521
933,1481,332, 521
933,1481,332, 521
933,1481,332, 521
933,1481,332, 521
933,1481,332, 521
933,1481,332, 521
933,1481,332, 521
933,1481,332, 521
933,1481,332, 521
933,1481,332, 521
933,1481,332, 521
933,1481,332, 521
933,1481,332, 521
933,1481,332, 521
933,1481,332, 521
933,1481,332, 521
933,1481,332, 521
933,1481,332, 521
933,1481,332, 521
933,1481,332, 521
933,1481,332, 521
933,1481,332, 521
933,1482,332, 521
933,1482,332, 521
933,1482,332, 521
933,1482,332, 521
933,1482,332, 521
933,1482,332, 521
933,1482,332, 521
933,1482,332, 521
933,1482,332, 521
933,1482,332, 521
933,1482,332, 521
933,1482,332, 521
933,1482,332, 521
933,1482,332, 521
933,1482,332, 521
933,1482,332, 521
933,1482,332, 521
933,1482,332, 521
933,1482,332, 521
933,1482,332, 521
933,1482,332, 521
933,1482,332, 521
933,1482,332, 521
933,1482,332, 521
933,1482,332, 521
933,1482,332, 521
933,1482,332, 521
933,1482,332, 521
933,1482,332, 521
933,1482,332, 521
933,1482,332, 521
933,1482,332, 521
933,1482,332, 521
933,1482,332, 521
933,1482,332, 521
933,1482,332, 521
933,1482,332, 521
933,1482,332, 521
933,1482,332, 521
933,1482,332, 521
933,1482,332, 521
933,1482,332, 521
933,1482,332, 521
933,1482,332, 521
933,1482,332, 521
933,1482,332, 521
933,1482,332, 521
933,1483,332, 521
933,1483,332, 521
933,1483,332, 521
933,1483,332, 521
933,1483,332, 521
933,1483,332, 521
933,1483,332, 521
933,1483,332, 521
933,1483,332, 521
933,1483,332, 521
933,1483,332, 521
933,1483,332, 521
933,1483,332, 521
933,1483,332, 521
933,1483,332, 521
933,1483,332, 521
933,1483,332, 521
933,1483,332, 521
933,1483,332, 521
933,1483,332, 521
933,1483,332, 521
933,1483,332, 521
933,1483,332, 521
933,1483,332, 521
933,1483,332, 521
933,1483,332, 521
933,1483,332, 521
933,1483,332, 521
933,1483,332, 521
933,1483,332, 521
933,1483,332, 521
933,1483,332, 521
933,1483,332, 521
933,1483,332, 521
933,1483,332, 521
933,1483,332, 521
933,1483,332, 521
933,1483,332, 521
933,1483,332, 521
933,1483,332, 521
933,1483,332, 521
933,1483,332, 521
933,1483,332, 521
933,1484,332, 521
933,1484,332, 521
933,1484,332, 521
933,1484,332, 521
933,1484,332, 521
933,1484,332, 521
933,1484,332, 521
933,1484,332, 521
933,1484,332, 521
933,1484,332, 521
933,1484,332, 521
933,1484,332, 521
933,1484,332, 521
933,1484,332, 521
933,1484,332, 521
933,1484,332, 521
933,1484,332, 521
933,1484,332, 521
933,1484,332, 521
933,1484,332, 521
933,1484,332, 521
933,1484,332, 521
933,1484,332, 521
933,1484,332, 521
933,1484,332, 521
933,1484,332, 521
933,1484,332, 521
933,1484,332, 521
933,1484,332, 521
933,1484,332, 521
933,1484,332, 521
933,1484,332, 521
933,1484,332, 521
933,1484,332, 521
933,1484,332, 521
933,1484,332, 521
933,1484,332, 521
933,1484,332, 521
933,1484,332, 521
933,1484,332, 521
933,1484,332, 521
933,1485,332, 521
933,1485,332, 521
933,1485,332, 521
933,1485,332, 521
933,1485,332, 521
933,1485,332, 521
933,1485,332, 521
933,1485,332, 521
933,1485,332, 521
933,1485,332, 521
933,1485,332, 521
933,1485,332, 521
933,1485,332, 521
933,1485,332, 521
933,1485,332, 521
933,1485,332, 521
933,1485,332, 521
933,1485,332, 521
933,1485,332, 521
933,1485,332, 521
933,1485,332, 521
933,1485,332, 521
933,1485,332, 521
933,1485,332, 521
933,1485,332, 521
933,1485,332, 521
933,1485,332, 521
933,1485,332, 521
933,1485,332, 521
933,1485,332, 521
933,1485,332, 521
933,1485,332, 521
933,1485,332, 521
933,1485,332, 521
933,1485,332, 521
933,1485,332, 521
933,1485,332, 521
933,1485,332, 521
933,1485,332, 521
933,1485,332, 521
933,1485,332, 521
933,1485,332, 521
933,1485,332, 521
933,1485,332, 521
933,1485,332, 521
933,1486,332, 521
933,1486,332, 521
933,1486,332, 521
933,1486,332, 521
933,1486,332, 521
933,1486,332, 521
933,1486,332, 521
933,1486,332, 521
933,1486,332, 521
933,1486,332, 521
933,1486,332, 521
933,1486,332, 521
933,1486,332, 521
933,1486,332, 521
933,1486,332, 521
933,1486,332, 521
933,1486,332, 521
933,1486,332, 521
933,1486,332, 521
933,1486,332, 521
933,1486,332, 521
933,1486,332, 521
933,1486,332, 521
933,1486,332, 521
933,1486,332, 521
933,1486,332, 521
933,1486,332, 521
933,1486,332, 521
933,1486,332, 521
933,1486,332, 521
933,1486,332, 521
933,1486,332, 521
933,1486,332, 521
933,1486,332, 521
933,1486,332, 521
933,1486,332, 521
933,1486,332, 521
933,1486,332, 521
933,1486,332, 521
933,1486,332, 521
933,1486,332, 521
933,1486,332, 521
933,1486,332, 521
933,1486,332, 521
933,1487,332, 521
933,1487,332, 521
933,1487,332, 521
933,1487,332, 521
933,1487,332, 521
933,1487,332, 521
933,1487,332, 521
933,1487,332, 521
933,1487,332, 521
933,1487,332, 521
933,1487,332, 521
933,1487,332, 521
933,1487,332, 521
933,1487,332, 521
933,1487,332, 521
933,1487,332, 521
933,1487,332, 521
933,1487,332, 521
933,1487,332, 521
933,1487,332, 521
933,1487,332, 521
933,1487,332, 521
933,1487,332, 521
933,1487,332, 521
933,1487,332, 521
933,1487,332, 521
933,1487,332, 521
933,1487,332, 521
933,1487,332, 521
933,1487,332, 521
933,1487,332, 521
933,1487,332, 521
933,1487,332, 521
933,1487,332, 521
933,1487,332, 521
933,1487,332, 521
933,1487,332, 521
933,1487,332, 521
933,1487,332, 521
933,1487,332, 521
933,1487,332, 521
933,1488,332, 521
933,1488,332, 521
933,1488,332, 521
933,1488,332, 521
933,1488,332, 521
933,1488,332, 521
933,1488,332, 521
933,1488,332, 521
933,1488,332, 521
933,1488,332, 521
933,1488,332, 521
933,1488,332, 521
933,1488,332, 521
933,1488,332, 521
933,1488,332, 521
933,1488,332, 521
933,1488,332, 521
933,1488,332, 521
933,1488,332, 521
933,1488,332, 521
933,1488,332, 521
933,1488,332, 521
933,1488,332, 521
933,1488,332, 521
933,1488,332, 521
933,1488,332, 521
933,1488,332, 521
933,1488,332, 521
933,1488,332, 521
933,1488,332, 521
933,1488,332, 521
933,1488,332, 521
933,1488,332, 521
933,1488,332, 521
933,1488,332, 521
933,1488,332, 521
933,1488,332, 521
933,1488,332, 521
933,1488,332, 521
933,1488,332, 521
933,1488,332, 521
933,1489,332, 521
933,1489,332, 521
933,1489,332, 521
933,1489,332, 521
933,1489,332, 521
933,1489,332, 521
933,1489,332, 521
933,1489,332, 521
933,1489,332, 521
933,1489,332, 521
933,1489,332, 521
933,1489,332, 521
933,1489,332, 521
933,1489,332, 521
933,1489,332, 521
933,1489,332, 521
933,1489,332, 521
933,1489,332, 521
933,1489,332, 521
933,1489,332, 521
933,1489,332, 521
933,1489,332, 521
933,1489,332, 521
933,1489,332, 521
933,1489,332, 521
933,1489,332, 521
933,1489,332, 521
933,1489,332, 521
933,1489,332, 521
933,1489,332, 521
933,1489,332, 521
933,1489,332, 521
933,1489,332, 521
933,1489,332, 521
933,1489,332, 521
933,1489,332, 521
933,1489,332, 521
933,1489,332, 521
933,1489,332, 521
933,1489,332, 521
933,1490,332, 521
933,1490,332, 521
933,1490,332, 521
933,1490,332, 521
933,1490,332, 521
933,1490,332, 521
933,1490,332, 521
933,1490,332, 521
933,1490,332, 521
933,1490,332, 521
933,1490,332, 521
933,1490,332, 521
933,1490,332, 521
933,1490,332, 521
933,1490,332, 521
933,1490,332, 521
933,1490,332, 521
933,1490,332, 521
933,1490,332, 521
933,1490,332, 521
933,1490,332, 521
933,1490,332, 521
933,1490,332, 521
933,1490,332, 521
933,1490,332, 521
933,1490,332, 521
933,1490,332, 521
933,1490,332, 521
933,1490,332, 521
933,1490,332, 521
933,1490,332, 521
933,1490,332, 521
933,1490,332, 521
933,1490,332, 521
933,1490,332, 521
933,1490,332, 521
933,1490,332, 521
933,1490,332, 521
933,1490,332, 521
933,1491,332, 521
933,1491,332, 521
933,1491,332, 521
933,1491,332, 521
933,1491,332, 521
933,1491,332, 521
933,1491,332, 521
933,1491,332, 521
933,1491,332, 521
933,1491,332, 521
933,1491,332, 521
933,1491,332, 521
933,1491,332, 521
933,1491,332, 521
933,1491,332, 521
933,1491,332, 521
933,1491,332, 521
933,1491,332, 521
933,1491,332, 521
933,1491,332, 521
933,1491,332, 521
933,1491,332, 521
933,1491,332, 521
933,1491,332, 521
933,1491,332, 521
933,1491,332, 521
933,1491,332, 521
933,1491,332, 521
933,1491,332, 521
933,1491,332, 521
933,1491,332, 521
933,1491,332, 521
933,1491,332, 521
933,1491,332, 521
933,1491,332, 521
933,1491,332, 521
933,1491,332, 521
933,1491,332, 521
933,1491,332, 521
933,1492,332, 521
933,1492,332, 521
933,1492,332, 521
933,1492,332, 521
933,1492,332, 521
933,1492,332, 521
933,1492,332, 521
933,1492,332, 521
933,1492,332, 521
933,1492,332, 521
933,1492,332, 521
933,1492,332, 521
933,1492,332, 521
933,1492,332, 521
933,1492,332, 521
933,1492,332, 521
933,1492,332, 521
933,1492,332, 521
933,1492,332, 521
933,1492,332, 521
933,1492,332, 521
933,1492,332, 521
933,1492,332, 521
933,1492,332, 521
933,1492,332, 521
933,1492,332, 521
933,1492,332, 521
933,1492,332, 521
933,1492,332, 521
933,1492,332, 521
933,1492,332, 521
933,1492,332, 521
933,1492,332, 521
933,1492,332, 521
933,1492,332, 521
933,1492,332, 521
933,1492,332, 521
933,1493,332, 521
933,1493,332, 521
933,1493,332, 521
933,1493,332, 521
933,1493,332, 521
933,1493,332, 521
933,1493,332, 521
933,1493,332, 521
933,1493,332, 521
933,1493,332, 521
933,1493,332, 521
933,1493,332, 521
933,1493,332, 521
933,1493,332, 521
933,1493,332, 521
933,1493,332, 521
933,1493,332, 521
933,1493,332, 521
933,1493,332, 521
933,1493,332, 521
933,1493,332, 521
933,1493,332, 521
933,1493,332, 521
933,1493,332, 521
933,1493,332, 521
933,1493,332, 521
933,1493,332, 521
933,1493,332, 521
933,1493,332, 521
933,1493,332, 521
933,1493,332, 521
933,1493,332, 521
933,1493,332, 521
933,1493,332, 521
933,1493,332, 521
933,1493,332, 521
933,1493,332, 521
933,1493,332, 521
933,1493,332, 521
933,1493,332, 521
933,1493,332, 521
933,1494,332, 521
933,1494,332, 521
933,1494,332, 521
933,1494,332, 521
933,1494,332, 521
933,1494,332, 521
933,1494,332, 521
933,1494,332, 521
933,1494,332, 521
933,1494,332, 521
933,1494,332, 521
933,1494,332, 521
933,1494,332, 521
933,1494,332, 521
933,1494,332, 521
933,1494,332, 521
933,1494,332, 521
933,1494,332, 521
933,1494,332, 521
933,1494,332, 521
933,1494,332, 521
933,1494,332, 521
933,1494,332, 521
933,1494,332, 521
933,1494,332, 521
933,1494,332, 521
933,1494,332, 521
933,1494,332, 521
933,1494,332, 521
933,1494,332, 521
933,1494,332, 521
933,1494,332, 521
933,1494,332, 521
933,1494,332, 521
933,1494,332, 521
933,1494,332, 521
933,1494,332, 521
933,1494,332, 521
933,1494,332, 521
933,1494,332, 521
933,1495,332, 521
933,1495,332, 521
933,1495,332, 521
933,1495,332, 521
933,1495,332, 521
933,1495,332, 521
933,1495,332, 521
933,1495,332, 521
933,1495,332, 521
933,1495,332, 521
933,1495,332, 521
933,1495,332, 521
933,1495,332, 521
933,1495,332, 521
933,1495,332, 521
933,1495,332, 521
933,1495,332, 521
933,1495,332, 521
933,1495,332, 521
933,1495,332, 521
933,1495,332, 521
933,1495,332, 521
933,1495,332, 521
933,1495,332, 521
933,1495,332, 521
933,1495,332, 521
933,1495,332, 521
933,1495,332, 521
933,1495,332, 521
933,1495,332, 521
933,1495,332, 521
933,1495,332, 521
933,1495,332, 521
933,1495,332, 521
933,1495,332, 521
933,1495,332, 521
933,1495,332, 521
933,1495,332, 521
933,1495,332, 521
933,1495,332, 521
933,1496,332, 521
933,1496,332, 521
933,1496,332, 521
933,1496,332, 521
933,1496,332, 521
933,1496,332, 521
933,1496,332, 521
933,1496,332, 521
933,1496,332, 521
933,1496,332, 521
933,1496,332, 521
933,1496,332, 521
933,1496,332, 521
933,1496,332, 521
933,1496,332, 521
933,1496,332, 521
933,1496,332, 521
933,1496,332, 521
933,1496,332, 521
933,1496,332, 521
933,1496,332, 521
933,1496,332, 521
933,1496,332, 521
933,1496,332, 521
933,1496,332, 521
933,1496,332, 521
933,1496,332, 521
933,1496,332, 521
933,1496,332, 521
933,1496,332, 521
933,1496,332, 521
933,1496,332, 521
933,1496,332, 521
933,1496,332, 521
933,1496,332, 521
933,1496,332, 521
933,1496,332, 521
933,1496,332, 521
933,1496,332, 521
933,1496,332, 521
933,1496,332, 521
933,1496,332, 521
933,1496,332, 521
933,1496,332, 521
933,1496,332, 521
933,1496,332, 521
933,1496,332, 521
933,1496,332, 521
933,1497,332, 521
933,1497,332, 521
933,1497,332, 521
933,1497,332, 521
933,1497,332, 521
933,1497,332, 521
933,1497,332, 521
933,1497,332, 521
933,1497,332, 521
933,1497,332, 521
933,1497,332, 521
933,1497,332, 521
933,1497,332, 521
933,1497,332, 521
933,1497,332, 521
933,1497,332, 521
933,1497,332, 521
933,1497,332, 521
933,1497,332, 521
933,1497,332, 521
933,1497,332, 521
933,1497,332, 521
933,1497,332, 521
933,1497,332, 521
933,1497,332, 521
933,1497,332, 521
933,1497,332, 521
933,1497,332, 521
933,1497,332, 521
933,1497,332, 521
933,1497,332, 521
933,1497,332, 521
933,1497,332, 521
933,1497,332, 521
933,1497,332, 521
933,1497,332, 521
933,1497,332, 521
933,1497,332, 521
933,1497,332, 521
933,1497,332, 521
933,1497,332, 521
933,1497,332, 521
933,1497,332, 521
933,1498,332, 521
933,1498,332, 521
933,1498,332, 521
933,1498,332, 521
933,1498,332, 521
933,1498,332, 521
933,1498,332, 521
933,1498,332, 521
933,1498,332, 521
933,1498,332, 521
933,1498,332, 521
933,1498,332, 521
933,1498,332, 521
933,1498,332, 521
933,1498,332, 521
933,1498,332, 521
933,1498,332, 521
933,1498,332, 521
933,1498,332, 521
933,1498,332, 521
933,1498,332, 521
933,1498,332, 521
933,1498,332, 521
933,1498,332, 521
933,1498,332, 521
933,1498,332, 521
933,1498,332, 521
933,1498,332, 521
933,1498,332, 521
933,1498,332, 521
933,1498,332, 521
933,1498,332, 521
933,1498,332, 521
933,1498,332, 521
933,1498,332, 521
933,1498,332, 521
933,1498,332, 521
933,1498,332, 521
933,1498,332, 521
933,1498,332, 521
933,1499,332, 521
933,1499,332, 521
933,1499,332, 521
933,1499,332, 521
933,1499,332, 521
933,1499,332, 521
933,1499,332, 521
933,1499,332, 521
933,1499,332, 521
933,1499,332, 521
933,1499,332, 521
933,1499,332, 521
933,1499,332, 521
933,1499,332, 521
933,1499,332, 521
933,1499,332, 521
933,1499,332, 521
933,1499,332, 521
933,1499,332, 521
933,1499,332, 521
933,1499,332, 521
933,1499,332, 521
933,1499,332, 521
933,1499,332, 521
933,1499,332, 521
933,1499,332, 521
933,1499,332, 521
933,1499,332, 521
933,1499,332, 521
933,1499,332, 521
933,1499,332, 521
933,1499,332, 521
933,1499,332, 521
933,1499,332, 521
933,1499,332, 521
933,1499,332, 521
933,1499,332, 521
933,1499,332, 521
933,1499,332, 521
933,1499,332, 521
933,1499,332, 521
933,1499,332, 521
933,1499,332, 521
933,1499,332, 521
933,1500,332, 521
933,1500,332, 521
933,1500,332, 521
933,1500,332, 521
933,1500,332, 521
933,1500,332, 521
933,1500,332, 521
933,1500,332, 521
933,1500,332, 521
933,1500,332, 521
933,1500,332, 521
933,1500,332, 521
933,1500,332, 521
933,1500,332, 521
933,1500,332, 521
933,1500,332, 521
933,1500,332, 521
933,1500,332, 521
933,1500,332, 521
933,1500,332, 521
933,1500,332, 521
933,1500,332, 521
933,1500,332, 521
933,1500,332, 521
933,1500,332, 521
933,1500,332, 521
933,1500,332, 521
933,1500,332, 521
933,1500,332, 521
933,1501,332, 521
933,1501,332, 521
933,1501,332, 521
933,1501,332, 521
933,1501,332, 521
933,1501,332, 521
933,1501,332, 521
933,1501,332, 521
933,1501,332, 521
933,1501,332, 521
933,1501,332, 521
933,1501,332, 521
933,1501,332, 521
933,1501,332, 521
933,1501,332, 521
933,1501,332, 521
933,1501,332, 521
933,1501,332, 521
933,1501,332, 521
933,1501,332, 521
933,1501,332, 521
933,1501,332, 521
933,1501,332, 521
933,1501,332, 521
933,1501,332, 521
933,1501,332, 521
933,1501,332, 521
933,1501,332, 521
933,1501,332, 521
933,1501,332, 521
933,1501,332, 521
933,1501,332, 521
933,1501,332, 521
933,1501,332, 521
933,1501,332, 521
933,1501,332, 521
933,1501,332, 521
933,1501,332, 521
933,1501,332, 521
933,1501,332, 521
933,1502,332, 521
